_id,ltable_ID,rtable_ID,ltable_Title,ltable_Genres_Merged,ltable_Episodes,ltable_Year,ltable_Type,ltable_ProductionHouse_Merged,rtable_Title,rtable_Genres_Merged,rtable_Episodes,rtable_Year,rtable_Type,rtable_ProductionHouse_Merged,gold
52874,2706,8914,Mobile Suit Gundam ZZ,ComedyDramaMechaMilitarySci-FiShounenSpace,47,1986-1987,TV,Sunrise,Mobile Suit Gundam ZZ,FuturisticMechaOuterSpaceSciFi,47,1986 - 1987,TV,Sunrise,1
31956,1170,6674,Sky Girls Specials,ComedyMechaMilitarySci-Fi,9,2007-2008,Special,J.C.Staff,Kuroshitsuji 2 Specials,,6,2010 - 2011,DVD Special,A-1Pictures,0
14212,2336,2552,Kachou Ouji (Legend of Black Heaven),AdventureComedyMusicSci-FiSliceofLife,13,1999-1999,TV,AICPioneerLDC,Haou Daikei Ryuu Knight: Adeu Legend,ActionFantasyMecha,13,1994 - 1995,OVA,Sunrise,0
8318,68,1487,Ginga Tetsudou 999 (Movie),AdventureDramaFantasySci-FiSpace,1,1979-1979,Movie,ToeiAnimationDiscotek,Ginga Tetsudou 999: Kimi wa Haha no You ni Aiseruka!!,BasedonaMangaSciFiTrains,1,1980,Other,,0
13007,1021,2302,Pokemon Diamond &amp; Pearl Specials,ActionComedyFantasyKids,2,2011-2011,Special,OrientalLightandMagic,Souten no Ken Specials,,4,2007,DVD Special,,0
42016,455,577,Master Keaton OVA,AdventureMystery,15,1999-2000,OVA,MadhouseGeneonUniversalEntertainment,Master Keaton OVA,AdventureBasedonaMangaDetectivesEpisodicEuropeSeinenWorkLife,15,1999 - 2000,OVA,MADHOUSE,1
10118,868,1789,Burn Up! W,ComedyEcchiMechaSci-FiShounen,4,1996-1996,OVA,AIC,Burn Up Scramble,ActionEcchiPantyShotsPolice,12,2004,TV,AICSpirits,0
3091,2787,540,Choujikuu Seiki Orguss (The Super Dimension Century Orguss),ActionAdventureMechaSci-FiShounen,35,1983-1984,TV,ArtlandTokyoMovieShinshaVictorEntertainmentMainichiBroadcastingStudioNueBigWestDiscotek,Choujikuu Yousai Macross II: Lovers Again,AliensMechaMilitaryMusicOuterSpaceSciFiWar,6,1992,OVA,AIC,0
42051,458,1668,Seitokai Yakuindomo OVA,ComedySchoolShounenSliceofLife,8,2011-2013,OVA,StarchildRecordsGoHands,Seitokai Yakuindomo OVA,BasedonaMangaComedyCrudeParodySchoolLifeSexualContent,8,2011 - 2013,OVA,GoHands,1
10653,1961,1888,Groove Adventure Rave (Rave Master),AdventureComedyFantasyRomanceShounen,51,2001-2002,TV,StudioDeenTBSKodanshaTOKYOPOP,Doraemon: Nobita's Great Adventure into the Underworld,AdventureBasedonaMangaFamilyFriendlySciFi,1,1984,Movie,ShineiAnimation,0
35273,1754,7137,Sakurako-san no Ashimoto ni wa Shitai ga Umatteiru,Mystery,12,2015 -2015,TV,LantisDAXProductionTROYCA,Jinrui wa Suitai Shimashita Specials,,6,2012 - 2013,DVD Special,AICA.S.T.A.,0
34244,311,7000,Tondemo Nezumi Daikatsuyaku (The Legend of Manxmouse),Adventure,1,1979-1979,Movie,NipponAnimation,Fist of the North Star: Legend of Toki,,1,2008,OVA,APPP,0
63,1264,29,Kuroko no Basket 2nd Season (Kuroko&#039;s Basketball 2),ComedySchoolShounenSports,25,2013-2014,TV,ProductionI.GBandaiVisualLantisNASBanpresto,Kuroko's Basketball 2,BasedonaMangaBasketballSchoolClubShounenSportsTournaments,25,2013 - 2014,TV,ProductionI.G,1
4182,2680,723,Chirorin Mura Monogatari (Nutsberry Town),KidsSliceofLife,170,1992-1993,TV,NHKNHKEnterprises,"Maoyuu Maou Yuusha: Kono Monogatari wa, Daniku Dake Dewanai no ja!",BasedonaLightNovelDemonsFantasyMedievalRecapRomance,1,2013,TV Special,ARMS,0
32197,1716,6705,New Prince of Tennis (The Prince of Tennis II),ActionComedyShounenSports,13,2012-2012,TV,ProductionI.GTVTokyoBandaiVisualNASM.S.CTVTokyoMusicMarvelousAQL,Chaika: The Coffin Princess - AVENGING BATTLE,AdventureBasedonaLightNovelFantasy,10,2014,TV,Bones,0
40262,428,5357,Ginga Eiyuu Densetsu,DramaMilitarySci-FiSpace,110,1988-1997,OVA,ArtlandKittyFilmsSentaiFilmworks,Ginga Eiyuu Densetsu,BasedonaNovelDramaMilitaryOuterSpacePoliticalSciFiSpaceOperaWar,110,1988 - 1997,OVA,KittyFilms,1
44834,3103,2042,SoulTaker,DemonsHorrorShounenSupernatural,13,2001-2001,TV,WOWOWTatsunokoProductionsPioneerLDCToshibaEntertainment,SoulTaker,AbstractHorrorMonstersPsychologicalSupernaturalSuperpowers,13,2001,TV,TatsunokoPro.,1
11411,2881,2054,Umi no Triton (Triton of the Sea),AdventureFantasyShounen,27,1972-1972,TV,Nonefoundaddsome,Triton of the Sea,AdventureFantasy,27,1972,TV,,1
5072,1123,829,Di Gi Charat Tsuyu Specials,Comedy,2,2001-2001,Special,Madhouse,Loveless Specials,,6,2005 - 2006,DVD Special,J.C.Staff,0
26837,291,5691,High School! Kimengumi (Movie),ActionComedyParodyRomanceSchoolShounen,1,1986-1986,Movie,StudioCometTsuchidaProductions,High School! Kimengumi Movie,Comedy,1,1986,Movie,Comedy,1
33984,1152,6970,Seirei Tsukai no Blade Dance Specials,ActionFantasySchoolSupernatural,6,2014-2015,Special,TNK,Tentai Senshi Sunred Specials,BasedonaMangaComedyMonstersParody,4,2009,DVD Special,AICA.S.T.A.,0
35603,1091,7173,Yama no Susume Second Season Specials,ComedySeinenSliceofLife,2,2014-2015,Special,8bitEarthStarEntertainment,Shijou Saikyou no Deshi Kenichi OVA Specials,ComedyMartialArtsShounen,3,2013 - 2014,DVD Special,Brains-Base,0
4563,438,769,Isekai no Seikishi Monogatari (Tenchi Muyo! War on Geminar),ActionComedyEcchiFantasyHaremMechaSchool,13,2009-2010,OVA,AICBeSTACKFUNimationEntertainment,Ai no Wakakusa Monogatari,AmericaBasedonaNovelDramaFamilyFriendlyWorldMasterpieceTheater,48,1987,TV,NipponAnimation,0
4803,1104,804,Mayoi Neko Overrun! Specials,ComedyEcchi,6,2010-2010,Special,AIC,The Eden of Grisaia Specials,BasedonaVisualNovelComedyEcchiNudity,2+,2015 - ?,DVD Special,8-Bit,0
7734,376,1354,Katekyo Hitman Reborn! Special,ComedyShounen,1,2010-2010,ONA,Artland,Giant Robo: Ginrei Special,ComedyFuturisticMechaParodySciFi,3,1994 - 1995,OVA,,0
47607,3024,2362,Walkure Romanze,ActionEcchiHaremRomanceSchoolSports,12,2013-2013,TV,LantisPonyCanyon8bit,Walkure Romanze,BasedonaVisualNovelEcchiSchoolLifeSports,12,2013,TV,8-Bit,1
48942,3052,632,Coppelion,ActionSci-FiSeinen,13,2013-2013,TV,StarchildRecordsVizMediaGoHands,Coppelion,ActionBasedonaMangaEnvironmentalMilitaryPost-apocalypticSciFiSeinen,13,2013,TV,GoHands,1
30637,67,6433,Toaru Hikuushi e no Tsuioku (The Princess and the Pilot),AdventureMilitaryRomance,1,2011-2011,Movie,MadhouseTVTokyoTMSEntertainmentMovicNISAmericaInc.CycloneGraphicsinc,Kaleido Star: The Amazing Princess Without a Smile,,1,2004,OVA,GONZO,0
4405,976,760,Beelzebub Specials,ActionComedyDemonsSchoolShounenSupernatural,16,2011-2012,Special,StudioPierrotOperaHouse,Heroman Specials,,3,2010 - 2011,DVD Special,Bones,0
2070,1374,398,Princess Tutu,ComedyMagicRomanceShoujo,38,2002-2003,TV,HalFilmMakerADVFilmsMemory-TechGANSISMarvelousAQL,Suddenly Princess,ComedyFantasy,3,1997,OVA,J.C.Staff,0
10979,781,1974,Mobile Suit SD Gundam&#039;s Counterattack,ComedyMechaParodyShounen,2,1989-1989,OVA,Sunrise,Mobile Suit SD Gundam Mk II,ComedyMechaParody,3,1989,OVA,Sunrise,1
53750,2732,1391,Nobunaga the Fool,ActionHistoricalMechaSci-Fi,24,2014-2014,TV,TVTokyoSatelightLantisMediaFactorySentaiFilmworks,Nobunaga the Fool,ActionMechaSciFi,24,2014,TV,Satelight,1
31894,903,6674,Hidamari Sketch x ___ Specials,ComedySchoolSliceofLife,2,2010-2010,Special,ShaftLantis,Kuroshitsuji 2 Specials,,6,2010 - 2011,DVD Special,A-1Pictures,0
20620,1013,4006,Solty Rei Specials,ComedyDrama,2,2006-2007,Special,GonzoAICTVAsahiFUNimationEntertainment,Selector Infected WIXOSS Specials,BasedonaCardGameComedyPictureDrama,3,2014,DVD Special,J.C.Staff,0
50813,2996,1436,Ring ni Kakero 1,ActionShounenSports,12,2004-2004,TV,ToeiAnimation,Ring ni Kakero 1,ActionBasedonaMangaBoxingHandtoHandCombatShounenSports,12,2004,TV,ToeiAnimation,1
16080,1120,2949,Myself ; Yourself Specials,DramaRomanceSchool,2,2008-2008,Special,DogaKobo,Love Love? Specials,,4,2004,DVD Special,,0
21446,976,4334,Beelzebub Specials,ActionComedyDemonsSchoolShounenSupernatural,16,2011-2012,Special,StudioPierrotOperaHouse,Queen's Blade: Vanquished Queens Specials,EcchiEmotionalAbuseExplicitSexFantasyPhysicalAbusePiratesSexualAbuse,4,2013 - 2014,DVD Special,ARMS,0
32920,1020,6808,Tegami Bachi Reverse Specials (Letter Bee Reverse Specials),Comedy,25,2010-2011,Special,StudioPierrot,Baka to Test to Shoukanjuu Specials,ComedyEcchiOmake,6,2010,DVD Special,SILVERLINK,0
44775,3100,4463,Monkey Turn,DramaSports,25,2004-2004,TV,OrientalLightandMagic,Monkey Turn,ActionRacingSports,25,2004,TV,OLM,1
44559,3095,3650,Ai no Wakakusa Yama Monogatari,Comedy,12,1999-1999,TV,Gainax,Ai no Wakakusa Yama Monogatari,BasedonaManga,12,1999,TV,Gainax,1
13114,1519,2306,Mobile Suit Gundam Seed,ActionDramaMechaMilitaryRomanceSci-FiSpace,50,2002-2003,TV,SunriseAsatsuDKMainichiBroadcastingBandaiEntertainmentSonyMusicEntertainmentAtelierMusa,Mobile Suit SD Gundam Mk III,ComedyMechaNinjaParody,5,1989,OVA,Sunrise,0
38164,370,1632,Survival,DementiaDramaMusicPsychologicalSchoolSupernatural,1,1999-1999,Music,Studio4°C,Survival,Psychological,1,1999,Music Video,Studio4\xc2\xb0C,1
20761,1833,4075,Perrine Monogatari,DramaHistoricalShoujoSliceofLife,53,1978-1978,TV,NipponAnimationBandaiVisual,Tokyo Daigaku Monogatari,ComedyDramaMatureThemesRomanceSchoolLife,2,2004,OVA,,0
14906,1204,2733,Bakusou Kyoudai Let&#039;s &amp; Go Special,AdventureCarsShounenSports,1,1996-1996,Special,ProductionI.GXebec,Code Geass: Lelouch of the Rebellion Special Edition - Black Rebellion,Recap,1,2008,OVA,,0
11471,2241,2069,Bosco Daibouken (Bosco Adventure),AdventureFantasyKids,26,1986-1987,TV,NipponAnimation,Dr. Slump Movie 2: Hoyoyo Uchuu Daibouken,,1,1982,Movie,ToeiAnimation,0
52425,2690,9410,Teekyuu 5,ComedyShounenSports,12,2015-2015,TV,EarthStarEntertainmentMillepensee,Teekyuu 5,BasedonaMangaComedy,12,2015,TV,Millepensee,1
29784,64,6287,Memories,DramaHorrorPsychologicalSci-Fi,3,1995-1995,Movie,MadhouseStudio4°C,Memories,CollectionsSciFi,3,1995,OVA,Studio4\xc2\xb0C,1
51951,2677,1353,Re-Kan!,ComedySchoolSeinen,13,2015-2015,TV,TBSSentaiFilmworksPierrotPlus,Re-Kan!,BasedonaMangaComedySchoolLifeSupernatural,13,2015,TV,PierrotPlus,1
46915,3018,920,Nanami-chan 3rd Series,ComedyKids,16,2006-2006,TV,Robot,Nanami-chan 3rd Series,AnimalProtagonistsFamilyFriendly,16,2006,TV,GroupTAC,1
27112,1067,5754,Anime Tenchou x Touhou Project,FantasyMagic,1,2010-2010,Special,ufotable,Project 758,,Other ,,Other,,0
26133,897,5511,Durarara!! Specials,ActionComedySupernatural,2,2010-2011,Special,AniplexBrainsBaseAniplexofAmerica,Macross Fufonfia Specials,ComedyParody,3,2013,DVD Special,Comedy,0
20802,2507,4101,Super Seisyun Brothers,ComedyJoseiSliceofLife,14,2013-2013,TV,AICAICPlus+,Amada Anime Series: Super Mario Brothers,AdventureBasedonaVideoGameFamilyFriendlyFantasy,3,1989,OVA,,0
45485,3107,3576,Huckleberry Finn Monogatari,Adventure,26,1994-1995,TV,Nonefoundaddsome,Huckleberry Finn Monogatari,AdventureAmericaBasedonaNovelFamilyFriendlySliceofLife,26,1994 - 1995,TV,,1
3594,1211,640,Panty &amp; Stocking in Sanitarybox,ActionComedyDementiaEcchiParodySupernatural,1,2011-2011,Special,GainaxFUNimationEntertainment,Panty & Stocking in Sanitary Box,ComedyCrude,1,2011,DVD Special,Gainax,1
29132,1584,6165,InuYasha,ActionAdventureComedyDemonsFantasyMagicRomanceShounenSupernatural,167,2000-2004,TV,KyotoAnimationSunriseYomiuriTelecastingCorporationVizMediaAtelierMusa,InuYasha: Kuroi Tessaiga,ActionBasedonaMangaFantasyFeudalJapan,1,2008,Movie,Sunrise,0
14237,1015,2559,Girls und Panzer Specials (Girls &amp; Panzer OVAs),MilitarySchool,6,2012-2013,Special,ActasSentaiFilmworks,The Rolling Girls Specials,ComedyOriginalWork,6,2015,DVD Special,WitStudio,0
2249,868,421,Burn Up! W,ComedyEcchiMechaSci-FiShounen,4,1996-1996,OVA,AIC,Burn Up Excess,ActionEcchiPoliceViolence,13,1997 - 1998,TV,MagicBus,0
37695,359,2090,Koi Tsubomi,FantasyMusic,1,2006-2006,Music,Nonefoundaddsome,Koi Tsubomi,FamilyFriendlyMinnanoUta,1,2006,Music Video,,1
5996,1037,980,Chicchana Yukitsukai Sugar Specials,ComedyMagicShoujoSliceofLife,2,2003-2003,Special,J.C.StaffKadokawaShotenBroccoliTBSPioneerLDCSentaiFilmworks,Teekyuu 2 Specials,BasedonaMangaComedy,2,2013,DVD Special,Mappa,0
31342,1226,6562,Comic Party Specials,ComedyDrama,4,2003-2003,Special,OrientalLightandMagicKSS,Black Lagoon Specials,ComedyParody,7,2009 - 2010,DVD Special,MADHOUSE,0
49414,3057,1061,Juusenshi Gulkeeva,ActionFantasyMechaSuperPower,26,1995-1995,TV,SunriseTVTokyoMusic,Juusenshi Gulkeeva,Reincarnation,26,1995,TV,Sunrise,1
50085,2979,1719,Heavy Object,ActionMechaMilitarySci-Fi,Unknown,2015 -2015 ,TV,J.C.StaffFUNimationEntertainmentMagicCapsuleSANZIGEN,Heavy Object,ActionBasedonaLightNovelMilitarySciFi,2+,2015 - ?,TV,J.C.Staff,1
12280,1506,2172,Hokuto no Ken (Fist of the North Star),ActionDramaMartialArtsSci-FiShounen,109,1984-1987,TV,ToeiAnimationDiscotek,Hikaru no Go: Journey to the North Star Cup,BoardGamesShounenSupernaturalTournaments,1,2004,TV Special,StudioPierrot,0
10738,1635,1910,Shoukoujo Sara (A Little Princess Sara),DramaHistoricalShoujoSliceofLife,46,1985-1985,TV,NipponAnimation,Princess Anmitsu,BasedonaManga,51,1986 - 1987,TV,StudioPierrot,0
7744,951,1354,Shigofumi Special (Shigofumi: Letters from the Departed Special),DramaFantasyPsychologicalThriller,1,2008-2008,Special,J.C.StaffBandaiVisualGencoSentaiFilmworks,Giant Robo: Ginrei Special,ComedyFuturisticMechaParodySciFi,3,1994 - 1995,OVA,,0
43145,3075,2223,Ocha-ken,ComedyKids,26,2003-2004,TV,FourSome,Ocha-ken,AnimalProtagonistsFamilyFriendly,26,2003 - 2004,TV,Foursome,1
31683,1489,6632,Dragon Ball Kai (Dragon Ball Z Kai),ActionAdventureComedyFantasyMartialArtsShounenSuperPower,97,2009-2011,TV,ToeiAnimationFUNimationEntertainment,Dragon Ball: Episode of Bardock,ActionAliensHandtoHandCombatSuperpowers,1,2011,Other,ToeiAnimation,1
50542,2989,1000,Galaxy Angel Rune,ComedySci-Fi,13,2006-2006,TV,MadhouseBandaiVisualSatelightBroccoliSunnySideUp,Galaxy Angel Rune,ComedyOuterSpaceSciFi,13,2006,TV,Satelight,1
37796,362,2284,Weekender Girl,Music,1,2012-2012,Music,Sega,Weekender Girl,Vocaloid,1,2012,Music Video,,1
38270,600,7538,Black_Rock Shooter (OVA),ActionDramaSchoolSliceofLife,1,2010-2010,OVA,RakuonshaOrdetGoodSmileCompany,Black Rock Shooter,ActionFantasyOriginalWorkSchoolLifeSliceofLife,1,2010,OVA,Ordet,1
29319,1707,6188,Accel World,ActionGameRomanceSchoolSci-FiShounen,24,2012-2012,TV,SunriseGencoVizMediaRakuonshaWarnerBros.flyingDOGASCIIMediaWorks,Accel World,ActionBasedonaLightNovelFuturisticSciFiVirtualReality,24,2012,TV,Sunrise,1
3507,942,620,Maria-sama ga Miteru 3rd Specials,Comedy,5,2006-2007,Special,StudioDeenRightStuf,Fullmetal Alchemist: Brotherhood Specials,ActionComedyDramaFantasy,4,2009 - 2010,DVD Special,Bones,0
33174,1916,6845,Ookami Shoujo to Kuro Ouji (Wolf Girl and Black Prince),ComedyRomanceSchoolShoujo,12,2014-2014,TV,VAPYomiuriTelecastingCorporationTYOAnimationsSentaiFilmworksNipponTelevisionNetworkCorporation,One Piece Movie 8: The Desert Princess and the Pirates - Adventures in Alabasta,ActionAdventureComedyPiratesShounen,1,2007,Movie,ToeiAnimation,0
39955,421,4687,Ninja Slayer From Animation,Action,26,2015-2015,ONA,StarchildRecordsFUNimationEntertainmentTriggerGrooove,Ninja Slayer From Animation,ActionBasedonaNovelComedyDramaNinjaSciFiViolence,26,2015,Web,StudioTrigger,1
42589,3070,2396,Sentimental Journey,DramaRomanceShoujo,12,1998-1998,TV,SunriseMediaBlasters,Sentimental Journey,DramaEpisodicRomance,12,1998,TV,Sunrise,1
35020,2406,7101,Yuusha ni Narenakatta Ore wa Shibushibu Shuushoku wo Ketsui Shimashita.,ComedyEcchiFantasyRomance,12,2013-2013,TV,AsreadSentaiFilmworks,Kimi ga Aruji de Shitsuji ga Ore de,BasedonanErogeBasedonaVisualNovelComedyEcchiHaremIncestMaidsNudityPantyShotsShoujo-ai,13,2008,TV,A.C.G.T.,0
7868,1321,1393,Bakemonogatari,MysteryRomanceSupernaturalVampire,15,2009-2010,TV,AniplexShaftKodanshaAniplexofAmerica,Umi Monogatari ~Anata ga Ite Kureta Koto~,FantasyMagicalGirl,12,2009,TV,Zexcs,0
32412,92,6724,Ghost in the Shell (2015),ActionMechaPolicePsychologicalSci-Fi,1,2015-2015,Movie,ProductionI.GFUNimationEntertainment,Ghost in the Shell: Stand Alone Complex 2nd Gig - Tachikoma Days,ComedySciFi,26,,Other,,1
17545,1153,3291,Umineko no Naku Koro ni Specials (When the Seagulls Cry Specials),ComedyParody,26,2009-2010,Special,StudioDeenFrontierWorks,Yuusha ni Nare Nakatta Ore wa Shibushibu Shuushoku o Ketsui Shimashita. Specials,BasedonaLightNovelComedy,5,2014,DVD Special,asread,0
54393,2778,5431,Ohayo! Spank,ComedySliceofLife,63,1981-1982,TV,TMSEntertainment,Ohayo! Spank,ComedyRomanceSliceofLife,63,1982,TV,TokyoMovie,1
3802,267,688,Choujin Locke (Locke the Superman),ActionSci-FiSuperPower,1,1984-1984,Movie,NipponAnimationDiscotek,Transformers: Choujin Master Force,MechaSciFi,47,1988 - 1989,TV,ToeiAnimation,0
15282,905,2789,Nodame Cantabile Finale Special,ComedyJoseiMusicRomance,1,2010-2010,Special,J.C.Staff,Muv-Luv Alternative: Total Eclipse - Pre-Climax Special,ActionAliensAmericaMechaMilitaryRecapSciFiViolence,1,2012,TV Special,Satelight,0
12855,1061,2289,Kamisama no Inai Nichiyoubi Special,FantasyMystery,1,2014-2014,Special,MadhouseSentaiFilmworks,Onii-chan Dakedo Ai Sae Areba Kankeinai yo ne! Specials,EcchiSexualContent,6,2012 - 2013,DVD Special,SILVERLINK,0
1910,487,360,Mobile Suit Gundam 00 Special Edition,ActionDramaMechaMilitarySci-Fi,3,2009-2010,OVA,SunriseSotsuAgencyAsatsuDKMainichiBroadcasting,All Purpose Cultural Cat Nuku Nuku Special 1,BasedonaManga,1,2003,DVD Special,AshiProductions,0
26222,871,5534,Mahou Tsukai Tai! vs. Shamanic Princess,ComedyFantasyMagic,1,1998-1998,OVA,BandaiVisualNYAVPost,6HP - Six Hearts Princess,,TV ,2016,TV,Poncotan,0
17401,1026,3281,Mai-Otome Specials,ComedyDramaFantasyMagic,9,2006-2006,Special,Sunrise,SoulTaker Specials,Omake,3,,DVD Special,,0
32739,1023,6778,Fantastic Children Special,SliceofLife,1,2005-2005,Special,NipponAnimation,Yawara! Special: Zutto Kimi no Koto ga,Sports,1,1996,TV Special,MADHOUSE,0
12420,793,2207,"Baby Princess 3D Paradise 0 [Love]""""",EcchiHaremSeinen,1,2011-2011,OVA,StudioComet,Eden of The East Movie II: Paradise Lost,HighStakesGamesMysterynoitaminA,1,2010,Movie,ProductionI.G,0
32919,1004,6808,Bokura wa Minna Kawaisou Specials,Comedy,14,2014-2015,Special,BrainsBase,Baka to Test to Shoukanjuu Specials,ComedyEcchiOmake,6,2010,DVD Special,SILVERLINK,0
54083,2753,2074,Bakegyamon,ActionGameShounen,51,2006-2007,TV,Radix,Bakegyamon,ActionAdventureBasedonaMangaFantasyMonstersPersoninaStrangeWorldShounen,51,2006 - 2007,TV,Radix,1
10047,1017,1777,Bakuman. 2 Special,Comedy,1,2012-2012,Special,J.C.Staff,11eyes Special,BasedonanErogeBasedonaVisualNovelComedyEcchiFantasyNuditySeinenSuperpowers,1,2010,DVD Special,Dogakobo,0
32045,573,6685,Ookami Shoujo to Kuro Ouji OVA,ComedyRomanceSchoolShoujo,1,2015-2015,OVA,VAPTYOAnimations,Ookami Shoujo to Kuro Ouji,BasedonaMangaBlackmailRomanceSchoolLifeShoujo,12,2014,TV,TYOAnimations,0
25858,57,5413,Piano no Mori,AdventureComedyDramaMusicSchool,1,2007-2007,Movie,MadhouseSonyMusicEntertainmentCycloneGraphicsinc,Piano no Mori,ClassicalMusicDramaMusicSchoolLife,1,2007,Movie,MADHOUSE,1
46233,3130,1565,Akikan!,ComedyEcchiFantasyRomance,12,2009-2009,TV,BrainsBaseHalfH.PStudioSentaiFilmworks,Akikan!,BasedonaLightNovelComedyEcchiSeinenSuddenGirlfriendAppearanceSuperpowers,12,2009,TV,Brains-Base,1
51873,2675,9219,Nobunagun,ActionShounenSupernatural,13,2014-2014,TV,VAPFUNimationEntertainmentBridgeEarthStarEntertainment,Nobunagun,ActionMonstersSciFi,13,2014,TV,Bridge,1
3096,2994,543,Mega Man (Megaman),ActionAdventureComedy,27,1994-1995,TV,ADVFilmsProductionReedCapcomDiscotek,MegaMan: NT Warrior,ActionAdventureComedySciFi,56,2002 - 2003,TV,XEBEC,0
39690,413,988,Upotte!!,ActionComedySeinen,10,2012-2012,ONA,XebecDAXProductionNipponColumbiaSentaiFilmworks,Upotte!!,ActionBasedonaMangaComedyEcchiGunfightsSchoolLife,10,2012,Web,XEBEC,1
42180,462,3762,Fairy Tail OVA,ComedyEcchiFantasyMagicShounen,5,2011-2013,OVA,SatelightA-1Pictures,Fairy Tail OVA,BasedonaMangaComedyFantasyMagicShounen,5,2011 - 2013,OVA,A-1Pictures,1
40711,432,7443,Hunter x Hunter OVA,ActionAdventureShounenSuperPower,8,2002-2002,OVA,NipponAnimation,Hunter x Hunter OVA,ActionAdventureBasedonaMangaMartialArtsShounenSuperpowers,8,2002,OVA,NipponAnimation,1
14466,1100,2615,Cluster Edge Specials,ActionFantasyMilitarySci-Fi,3,2006-2006,Special,SentaiFilmworks,Pretty Rhythm: Aurora Dream Specials,IdolsMusic,51,2011 - 2012,DVD Special,TatsunokoPro.,0
29979,992,6305,Shakugan no Shana III (Final) Specials,ComedyParody,2,2012-2012,Special,J.C.StaffFUNimationEntertainment,Nodame Cantabile: Special Lesson,ComedyJoseiRomance,1,2008,DVD Special,J.C.Staff,0
19173,559,3700,Bishoujo Senshi Sailor Moon Memorial,DemonsMagicRomanceShoujo,5,1998-1999,OVA,ToeiAnimation,Bishoujo Mobage: Mobami-chan,Promotional,1,2014,Other,StudioTrigger,0
15614,240,2858,Mori no Densetsu (Legend of the Forest),AdventureDramaFantasyMusic,1,1987-1987,Movie,TezukaProductions,Idol Densetsu Eriko,,51,1989 - 1990,TV,AshiProductions,0
27085,1162,5749,Kurogane no Linebarrels Specials (Linebarrels of Iron),ActionComedyEcchiMecha,2,2009-2009,Special,GonzoFUNimationEntertainment,The Prince of Tennis Flash Specials,FlashAnimation,5,2014 - 2015,DVD Special,ProductionI.G,0
9804,998,1752,Shakugan no Shana Specials,ComedyParody,4,2006-2007,Special,J.C.StaffGeneonUniversalEntertainmentFUNimationEntertainment,Ryuugajou Nanana no Maizoukin Specials,,6,2014,DVD Special,A-1Pictures,0
36062,1103,7247,Genshiken Nidaime Specials,ComedyParodySliceofLife,4,2013-2013,Special,ProductionI.GStarchildRecords,Letter Bee Reverse Specials,,25,2010 - 2011,DVD Special,StudioPierrot,0
22403,421,4601,Ninja Slayer From Animation,Action,26,2015-2015,ONA,StarchildRecordsFUNimationEntertainmentTriggerGrooove,Collection of Key Animation Films,JapanAnimatorsExhibitionMechaSciFiShorts,1,2014,Web,StudioKhara,0
38438,381,7221,Rain Town,Drama,1,2011-2011,ONA,Nonefoundaddsome,Rain Town,DramaOriginalWorkRobotsShorts,1,2011,Web,,1
27812,1466,5981,Mobile Suit Zeta Gundam,DramaMechaMilitarySci-FiShounenSpace,50,1985-1986,TV,SunriseBandaiEntertainment,Mobile Suit Gundam Wing,ActionMechaOuterSpacePoliticalSciFi,49,1995 - 1996,TV,Sunrise,0
30173,90,6352,Digimon Adventure Movie (Digimon: The Movie),ActionFantasyKidsSci-Fi,1,1999-1999,Movie,ToeiAnimation,JoJo’s Bizarre Adventure: Stardust Crusaders - Battle in Egypt,ActionAdventureAnimalAbuseBasedonaMangaComedyExplicitViolenceMonster-of-the-weekSupernatural,24,2015,TV,DavidProduction,0
28878,1039,6134,Vampire Knight Special,ComedyShoujoVampire,1,2008-2008,Special,StudioDeenNAS,Kidou Senshi Gundam 00 Special Edition I: Celestial Being,,1,2009,OVA,,0
22983,569,4813,School Rumble San Gakki (School Rumble Third Term),ComedyRomanceSchoolShounen,2,2008-2008,OVA,Kodansha,School Rumble: Ichi Gakki Hoshuu,ComedySchoolLife,2,2005,OVA,StudioComet,0
17380,934,3281,Ie Naki Ko Remi Specials,AdventureDrama,3,1997-1997,Special,NipponAnimation,SoulTaker Specials,Omake,3,,DVD Special,,0
10479,2861,1842,Transformers Galaxy Force (Transformers Cybertron),AdventureMechaSci-FiShounen,52,2005-2005,TV,GonzoHasbro,Eiga Beast Wars Second Chou Seimeitai Transformers Lio Convoy Kiki Ippatsu!,,1,1998,Movie,,0
31430,3142,6588,Tantei Team KZ Jiken Note,Mystery,Unknown,2015 -2015,TV,SIGNALMD,Tantei Gakuen Q,BasedonaMangaDetectivesMystery,45,2003 - 2004,TV,StudioPierrot,0
800,2884,142,Amaenaide yo!! (Ah My Buddha),ComedyEcchiHaremRomanceSupernatural,12,2005-2005,TV,StudioDeenRightStufMediaBlasters,Amaenaideyo!! Special,BasedonaMangaComedyEcchiNudity,1,2005,DVD Special,StudioDeen,1
9871,1026,1753,Mai-Otome Specials,ComedyDramaFantasyMagic,9,2006-2006,Special,Sunrise,Nanana's Buried Treasure Specials,,6,2014,DVD Special,A-1Pictures,0
18597,1829,3553,Gokinjo Monogatari (Neighborhood Stories),ComedyDramaRomanceSliceofLife,50,1995-1996,TV,ToeiAnimation,Mashin Eiyuuden Wataru: Owarinaki Toki no Monogatari,FantasyPersoninaStrangeWorld,3,1993 - 1994,OVA,,0
38691,384,8559,Flag,MechaMilitary,13,2006-2007,ONA,AniplexTheAnswerStudioBandaiEntertainment,Flag,DramaMechaMilitaryOriginalWorkPoliticalSeinenWarWorkLife,13,2006 - 2007,TV,AnsaStudio,1
41307,444,4292,Golden Boy,AdventureComedyEcchi,6,1995-1996,OVA,KSSAPPPADVFilmsMediaBlastersDiscotek,Golden Boy,ComedyEcchiEpisodicExplicitSexWorkLife,6,1995 - 1996,OVA,ProductionI.G,1
12513,1064,2218,Ichigo 100% Special 2 (Strawberry 100%),ComedyEcchiRomanceShounen,1,2005-2005,Special,Nonefoundaddsome,Kyoukai no Kanata Movie: I'll Be Here - Kako-hen Special,,1,2015,DVD Special,KyotoAnimation,0
53081,2718,3280,Kyouryuu Daisensou Aizenborg,ActionMecha,39,1977-1978,TV,TVTokyoTsuburayaProductions,Kyouryuu Daisensou Aizenborg,,39,1977 - 1978,TV,,1
19290,1036,3733,Shin Tenchi Muyou! Specials,ComedyRomanceSci-FiShounen,6,1997-1997,Special,AICPioneerLDC,Prism Ark Specials,,6,2007 - 2008,DVD Special,,0
8721,942,1553,Maria-sama ga Miteru 3rd Specials,Comedy,5,2006-2007,Special,StudioDeenRightStuf,Isshuukan Friends. Specials,,12,2014,DVD Special,Brains-Base,0
47688,3031,1871,Yume Tsukai,ComedyDramaFantasyMagicSchoolSliceofLife,12,2006-2006,TV,MadhousePonyCanyonHappinetPictures,Yume Tsukai,BasedonaMangaFantasyMagic,12,2006,TV,MADHOUSE,1
10838,3058,1935,Mahou no Angel Sweet Mint,MagicShoujo,47,1990-1991,TV,ProductionReedYoumex,Magical Angel Sweet Mint,FamilyFriendlyMagicMagicalGirlOriginalWorkShoujo,47,1990 - 1991,TV,AshiProductions,1
5439,1170,876,Sky Girls Specials,ComedyMechaMilitarySci-Fi,9,2007-2008,Special,J.C.Staff,Freezing Specials,ComedyEcchiExplicitSexPantyShots,6,2011,DVD Special,A.C.G.T.,0
45670,3114,346,Choujin Sentai Baratack,AdventureMechaSci-Fi,31,1977-1978,TV,ToeiAnimation,Choujin Sentai Baratack,,31,1977 - 1978,TV,ToeiAnimation,1
54718,2786,3333,Ashita e Free Kick,Sports,52,1992-1993,TV,ProductionReed,Ashita e Free Kick,OriginalWorkSoccerSports,52,1992,TV,AshiProductions,1
18899,949,3611,Ao no Exorcist Movie Special,ComedyParody,1,2012-2012,Special,Nonefoundaddsome,DPR Special Movie,,1,2013,Web,WHITEFOX,0
16387,2170,3008,Kousetsu Hyaku Monogatari (Requiem from the Darkness),FantasyHistoricalHorrorMysteryPsychologicalSupernatural,13,2003-2003,TV,TokyoMovieShinsha,Toshi Densetsu Monogatari Hikiko,HorrorRevengeSchoolLifeUrbanLegendViolence,1,2008,OVA,,0
13311,967,2347,Kuroshitsuji Picture Drama,DemonsSupernatural,1,2010-2010,Special,A-1Pictures,A Dark Rabbit has Seven Lives Picture Drama,BasedonaLightNovelPictureDrama,6,2011 - 2012,DVD Special,Zexcs,0
44246,3082,1418,Geneshaft,AdventureMechaSci-Fi,13,2001-2001,TV,BandaiVisualSatelightBandaiEntertainment,Geneshaft,FuturisticOuterSpaceSciFi,13,2001,TV,Satelight,1
10723,1503,1906,Yamada-kun to 7-nin no Majo (TV) (Yamada-kun and the Seven Witches),ComedyHaremMysteryRomanceSchoolShounenSupernatural,12,2015-2015,TV,LIDENFILMS,Jack and the Beanstalk (Koji MORIMOTO),AdventureFantasyShorts,1,1989,OVA,Studio4\xc2\xb0C,0
23141,1363,4833,Detective Conan (Case Closed),AdventureComedyMysteryPoliceShounen,Unknown,1996 -1996,TV,TMSEntertainmentYomiuriTelecastingCorporationFUNimationEntertainmentAnimaxYTVTMS-Kyokuchi,Detective Conan Movie 9: Strategy Above the Depths,DetectivesMystery,1,2005,Movie,TMSEntertainment,0
11698,2171,2096,Popolocrois Monogatari,AdventureFantasy,25,1998-1999,TV,BeeTrainProductionI.GTVTokyoAniplex,Ai Monogatari: 9 Love Stories,BasedonaMangaCollectionsRomanceSliceofLife,1,1993,OVA,StudioDeen,0
30703,999,6441,Suisei no Gargantia Specials,ActionMechaSci-Fi,2,2013-2013,Special,ProductionI.GVizMedia,Tonari no Seki-kun Specials,BasedonaMangaComedy,2,2014,DVD Special,ShineiAnimation,0
50664,2992,1920,Kokoro Toshokan,ComedyDramaSliceofLife,13,2001-2002,TV,StudioDeenVictorEntertainment,Kokoro Toshokan,BasedonaMangaComedyFantasySliceofLife,13,2001 - 2002,TV,StudioDeen,1
41379,445,3221,Seto no Hanayome OVA,ComedyParodyRomanceSchool,2,2008-2009,OVA,GonzoAIC,Seto no Hanayome OVA,ComedyMermaids,2,2008 - 2009,OVA,AIC,1
50241,2983,10010,Shuffle! Memories,ComedyDramaEcchiFantasyHaremMagicRomanceSchoolSeinen,12,2007-2007,TV,AsreadKadokawaPicturesUSAMemory-Tech,Shuffle! Memories,BasedonanErogeBasedonaVisualNovelComedyHarem,12,2007,TV,asread,1
773,1192,133,Seikimatsu Occult Gakuin Specials (Occult Academy Specials),ComedySchoolSupernatural,4,2010-2011,Special,AniplexXebecA-1PicturesNISAmericaInc.,Kanokon ~Manatsu no Daishanikusai~ Specials,EcchiNudityPantyShots,2,2009,DVD Special,XEBEC,0
51591,2671,638,Juusenki L-Gaim,ActionAdventureDramaMechaSci-FiShounenSpace,54,1984-1985,TV,SunriseStarchildRecords,Juusenki L-Gaim,ActionMechaSciFi,54,1984 - 1985,TV,Sunrise,1
8063,58,1449,Transformers the Movie (Transformers: The Movie),ActionMecha,1,1986-1986,Movie,ToeiAnimationHasbro,Dr. Slump Movie 4: The Secret of Nanaba Castle,,1,1984,Movie,ToeiAnimation,0
662,113,109,Ginga Tetsudou no Yoru (Night on the Galactic Railroad),DramaFantasyHistoricalKidsMystery,1,1985-1985,Movie,GroupTACCentralParkMediaDiscotek,Senkou no Night Raid: Demon of the Opium Den,,1,2010,DVD Special,A-1Pictures,0
14840,1483,2720,Nisekoi (Nisekoi: False Love),ComedyHaremRomanceSchoolShounen,20,2014-2014,TV,AniplexShaftAniplexofAmerica,Nisekoi: False Love,BasedonaMangaComedyHaremRomanceSchoolLifeSliceofLifeTsundere,20,2014,TV,Shaft,1
47634,1635,8944,Shoukoujo Sara (A Little Princess Sara),DramaHistoricalShoujoSliceofLife,46,1985-1985,TV,NipponAnimation,Shoukoujo Sara,BasedonaNovelDramaEuropeWorldMasterpieceTheater,46,1985,TV,NipponAnimation,1
45824,3115,2613,Cluster Edge,ActionFantasyMilitarySci-Fi,25,2005-2006,TV,SunriseBandaiVisualSentaiFilmworks,Cluster Edge,ActionMilitaryOriginalWorkSciFiSuperpowers,25,2005 - 2006,TV,Sunrise,1
25441,1012,5336,Sekirei Special,Comedy,1,2009-2009,Special,AniplexSevenArcsFUNimationEntertainment,Steins;Gate Special,BasedonaVisualNovel,1,2012,DVD Special,WHITEFOX,0
32533,236,6752,Fusha no Sha (To Shoot Without Shooting),AdventureHistoricalMartialArtsSamuraiSupernatural,1,1988-1988,Movie,ShanghaiAnimationFilmStudio,Fusha no Sha,ShortsStopMotionAnimation,1,1988,Movie,,1
9943,2967,1757,Chiisana Kyojin Microman,ActionAdventureComedyKidsMechaSci-FiShounenSuperPower,52,1999-1999,TV,StudioPierrotTVTokyoYomikoAdvertising,Chiisana Viking Vickie,AdventureBasedonaNovelComedyHistorical,78,1974 - 1975,TV,NipponAnimation,0
48699,3045,1091,Cheburashka Arere?,ComedyKidsSliceofLife,26,2009-2010,TV,GoHands,Cheburashka Arere?,AnimalProtagonistsFamilyFriendly,26,2009 - 2010,TV,,1
35823,11,7219,Kaguya-hime no Monogatari (The Tale of the Princess Kaguya),FantasyHistorical,1,2013-2013,Movie,StudioGhibliGKids,One Piece: The Desert Princess and the Pirates - Adventures in Alabasta Prologue,Pirates,1,2007,OVA,ToeiAnimation,0
52359,2686,8925,God Mazinger,ActionFantasyMecha,23,1984-1984,TV,TokyoMovieShinshaDynamicPlanning,God Mazinger,,23,1984,TV,,1
24881,240,5245,Mori no Densetsu (Legend of the Forest),AdventureDramaFantasyMusic,1,1987-1987,Movie,TezukaProductions,Crayon Shin-chan Movie 13: Densetsu wo Yobu Buriburi 3 Pun Dai Shingeki,,1,2005,Movie,ShineiAnimation,0
39321,406,8870,Azumanga Web Daioh,ComedySchoolSliceofLife,1,2000-2000,ONA,J.C.Staff,Azumanga Web Daioh,BasedonaMangaComedySchoolLifeShorts,1,2002,Other,J.C.Staff,1
15951,940,2939,Tonari no Seki-kun Specials,ComedySchoolSeinen,2,2014-2014,Special,MediaFactoryShin-EiAnimation,Queen's Blade: Rebellion Specials,Ecchi,6,2012,DVD Special,ARMS,0
45493,3108,5767,Neko Pitcher,ComedyKidsSports,Unknown,2014 -2014 ,TV,Nonefoundaddsome,Neko Pitcher,AnimalProtagonistsBaseballBasedonaMangaComedySports,16+,2014 - ?,TV,AnimalProtagonists,1
43076,3073,413,Captain Earth,ActionMechaRomanceSci-FiSpace,25,2014-2014,TV,BonesAvexEntertainmentDentsuShochikuMainichiBroadcastingSentaiFilmworksBandaiNamcoGamesGoodSmileCompany,Captain Earth,ActionAliensMechaNudityOriginalWorkSciFi,25,2014,TV,Bones,1
3153,1108,568,Di Gi Charat Natsuyasumi Special,Comedy,4,2001-2001,Special,TBS,Chikyuu Bouei Kazoku Special,,1,2001,DVD Special,GroupTAC,0
18350,1299,3467,Samurai Champloo,ActionAdventureComedyHistoricalSamuraiShounen,26,2004-2005,TV,GeneonUniversalEntertainmentManglobeFUNimationEntertainmentVictorEntertainmentFujiTVBarnumStudioTokumaShotenflyingDOG,Coffee Samurai,ComedyRomance,1,2009,TV Special,CoMixWaveInc.,0
13557,1186,2375,RahXephon Specials,ActionDramaMechaMusicMysteryRomanceSci-Fi,2,2003-2004,Special,Bones,Freezing Vibration Specials,EcchiExplicitSexPantyShots,6,2013 - 2014,DVD Special,,0
42403,2308,8046,Kamisama Dolls,ActionSeinenSupernatural,13,2011-2011,TV,TVTokyoShogakukanProductionsMediaFactoryBrainsBaseHalfH.PStudioAT-XSentaiFilmworksflyingDOGSonyMusicCommunications,Kamisama Dolls,ActionBasedonaMangaComedyRobotsSciFi,13,2011,TV,Brains-Base,1
25500,5,5343,Howl no Ugoku Shiro (Howl&#039;s Moving Castle),AdventureDramaFantasyRomance,1,2004-2004,Movie,StudioGhiblid-rightsTokumaShotenWaltDisneyStudios,Howl's Moving Castle,AdventureBasedonaNovelFamilyFriendlyFantasyMagic,1,2004,Movie,StudioGhibli,1
16854,1212,3166,Gokukoku no Brynhildr Special (Brynhildr in the Darkness Special),ComedyEcchiHaremSci-FiSeinen,1,2014-2014,Special,VAPArmsSentaiFilmworks,Harukanaru Toki no Naka de 3: Onsen Chibi Special,ComedyFantasy,1,2008,DVD Special,Yumeta,0
20374,831,3986,Haikyuu!! Quest Picture Drama,ComedyFantasyGameShounen,3,2014-2014,OVA,ProductionI.GBandaiNamcoGames,Loups=Garous Picture Drama,PictureDrama,1,2010,DVD Special,,0
17696,1021,3319,Pokemon Diamond &amp; Pearl Specials,ActionComedyFantasyKids,2,2011-2011,Special,OrientalLightandMagic,Maken-ki! Specials,,6,2011 - 2012,DVD Special,AIC,0
19092,2763,3656,Oyayubi Hime Monogatari (Thumbelina: A Magical Story),AdventureFantasyShoujo,26,1992-1992,TV,EnokiFilms,Konchuu Monogatari Minashigo Hutch,AdventureAnimalProtagonistsFamilyFriendly,91,1970 - 1971,TV,TatsunokoPro.,0
24434,984,5144,HeatGuy J Special,ActionAdventureMechaPoliceSci-Fi,1,2003-2003,Special,BandaiVisualSatelightFUNimationEntertainment,Food Wars! Shokugeki no Souma: Jump Festa 2015 Special,BasedonaMangaCulinarySchoolFoodandBeverageShounen,Other ,2015,Other,BasedonaManga,0
9415,1178,1687,Teekyuu 4 Specials,ComedySchoolShounenSports,2,2015-2015,Special,DAXProductionEarthStarEntertainmentMillepensee,Accel World Specials,BasedonaLightNovelComedy,8,2012 - 2013,DVD Special,J.C.Staff,0
52929,2713,1914,Azuki-chan,ComedyRomanceShoujoSliceofLife,117,1995-1998,TV,Madhouse,Azuki-chan,ComedyOriginalWorkRomanceSchoolLifeSliceofLife,117,1995 - 1998,TV,MADHOUSE,1
43199,3077,995,X-Men,ActionDramaSuperPower,12,2011-2011,TV,MadhouseSonyPicturesEntertainmentMarvelEntertainmentAtelierMusa,X-Men,ActionBasedonaComicBookMarvelComicsPsychicPowersSuperpowers,12,2011,TV,MADHOUSE,1
52530,2693,1014,30-sai no Hoken Taiiku,EcchiParodyRomanceSeinen,12,2011-2011,TV,Gathering,30-sai no Hoken Taiiku,ComedyEcchiSeinenSexualContentSupernatural,12,2011,TV,Gathering,1
38944,397,7975,Ontama!,ComedyMagicSeinenSliceofLife,5,2009-2009,ONA,EncourageFilms,Ontama!,ComedyRomanceTimeTravel,5,2009,Web,EncourageFilms,1
18577,225,3553,Aru Machi Kado no Monogatari (Tales of the Street Corner),DramaMusicRomance,1,1962-1962,Movie,MushiProductions,Mashin Eiyuuden Wataru: Owarinaki Toki no Monogatari,FantasyPersoninaStrangeWorld,3,1993 - 1994,OVA,,0
21240,909,4284,Hidamari Sketch x SP,ComedySchoolSliceofLife,2,2011-2011,Special,ShaftSentaiFilmworks,Hidamari Sketch x Honeycomb,BasedonaMangaBoardingHouseComedyMoeSchoolLifeSliceofLife,12,2012,TV,Shaft,0
44756,3099,2883,Kouya no Shounen Isamu,ActionAdventureShounen,52,1973-1974,TV,FujiTVShin-EiAnimation,Kouya no Shounen Isamu,,52,1973 - 1974,TV,TMSEntertainment,1
27706,92,5960,Ghost in the Shell (2015),ActionMechaPolicePsychologicalSci-Fi,1,2015-2015,Movie,ProductionI.GFUNimationEntertainment,Ghost in the Shell 2: Innocence,CyberpunkCyborgsFuturisticHackingSciFi,1,2004,Movie,ProductionI.G,0
32694,133,6776,Black Jack the Movie,Drama,1,1996-1996,Movie,TezukaProductions,Black Jack OVA,DramaEpisodic,10,1993 - 1996,OVA,StudioComet,1
28067,1517,6005,Bleach,ActionComedyShounenSuperPowerSupernatural,366,2004-2012,TV,StudioPierrotTVTokyoAniplexDentsuVizMediaTVTokyoMusicStudioKelmadick,Bleach,ActionBasedonaMangaShinigamiShounenSupernaturalSuperpowersSwordplay,366,2004 - 2012,TV,StudioPierrot,1
53597,2730,9473,Morita-san wa Mukuchi. 2,ComedySchoolSliceofLife,13,2011-2011,TV,DAXProductionTakeshoboSeven,Morita-san wa Mukuchi. 2,BasedonaMangaComedySchoolLifeSliceofLife,13,2011,TV,Seven,1
46215,3125,2838,Getsumen To Heiki Mina,ComedyParodySci-Fi,11,2007-2007,TV,GonzoPonyCanyonStudioTulipSonyMusicEntertainment,Getsumen To Heiki Mina,AliensComedyMagicMagicalGirl,11,2007,TV,GONZO,1
5237,1047,856,Thermae Romae Specials,ComedyHistoricalSeinen,2,2012-2012,Special,DLE,Comic Party Specials,,4,2003,DVD Special,OLM,0
41542,446,3775,Carnival Phantasm,ComedyParodySupernatural,12,2011-2011,OVA,LercheNotes,Carnival Phantasm,BasedonaMangaComedyCrossoverFantasy,12,2011,OVA,LARC,1
37703,361,1931,Renkyori Enai,Music,1,2011-2011,Music,Nonefoundaddsome,Renkyori Enai,,1,2011,Music Video,,1
12209,1494,2162,Shin Mazinger Shougeki! Z-Hen (Mazinger Edition Z: The Impact!),ActionMechaShounenSuperPower,26,2009-2009,TV,BeeMediaCodeDiscotekStudioJackDynamicPlanning,Code Geass: Lelouch of the Rebellion R2 Special Edition - Zero Requiem,Recap,1,2009,OVA,Sunrise,0
3800,1744,687,Shigofumi (Shigofumi: Letters from the Departed),DramaFantasyPsychologicalSupernaturalThriller,12,2008-2008,TV,J.C.StaffBandaiVisualGencoSentaiFilmworks,Shigofumi Picture Drama,,7,2008,DVD Special,,1
47896,3035,7862,Fushigi Mahou Fun Fun Pharmacy,KidsMagic,48,1998-1999,TV,ToeiAnimation,Fushigi Mahou Fun Fun Pharmacy,FamilyFriendlyFantasyMagicShoujo,48,1998 - 1999,TV,ToeiAnimation,1
14630,916,2671,Inu x Boku SS Special (Inu X Boku Secret Service Special),ComedyShounenSupernatural,1,2012-2012,Special,AniplexDavidProductionSentaiFilmworks,Dengeki Bunko 2007 Movie Festival Special,,1,2007,Other,,0
16745,237,3143,Genji Monogatari,DramaHistoricalRomance,1,1987-1987,Movie,TVAsahiGroupTAC,Teito Monogatari,BasedonaNovelDemonsExplicitViolenceFantasyHorrorNudityPhysicalAbuseSexualAbuseSupernaturalSuperpowers,4,1991 - 1992,OVA,ToeiAnimation,0
54205,2770,986,White Album,DramaHaremMusicRomance,13,2009-2009,TV,SevenArcs,White Album,BasedonanErogeBasedonaVisualNovelDramaIdolsRomance,13,2009,TV,SevenArcs,1
11287,1366,2032,Kuragehime (Princess Jellyfish),ComedyJoseiSliceofLife,11,2010-2010,TV,FUNimationEntertainmentBrainsBaseFujiTVAsmikAceEntertainmentSonyMusicEntertainmentSakuraCreateFujiPacificMusicPublishing,Hamtaro Movie 2: Ham Ham Ham~Jya! Maboroshi no Princess,AnimalProtagonistsFamilyFriendly,1,2002,Movie,TMSEntertainment,0
21731,1940,4398,Ai no Wakakusa Monogatari (Tales of Little Women),DramaHistoricalSliceofLife,48,1987-1987,TV,NipponAnimationSabanEntertainment,Gokyoudai Monogatari,BasedonaMangaComedySliceofLife,32,2009 - 2010,TV,ShineiAnimation,0
30155,1306,6344,Ookami to Koushinryou II (Spice and Wolf II),AdventureFantasyHistoricalRomance,12,2009-2009,TV,ImaginFUNimationEntertainmentBrainsBaseflyingDOG,Spice and Wolf II,AdventureBasedonaLightNovelFantasy,12,2009,TV,Brains-Base,1
30112,2759,6336,Kanokon (Kanokon: The Girl Who Cried Fox),ComedyEcchiHaremRomanceShounenSupernatural,12,2008-2008,TV,XebecMediaFactoryMovicAT-XMediaBlasters,Fuse: Memoirs of the Hunter Girl,BasedonaNovelFantasyFeudalJapan,1,2012,Movie,TMSEntertainment,0
52690,2695,9150,DearS,ComedyEcchiHaremRomanceSci-Fi,12,2004-2004,TV,BandaiVisualHalFilmMakerDaumeGencoLantisDiscotek,DearS,AliensBasedonaMangaComedyEcchiSciFiSuddenGirlfriendAppearance,12,2004,TV,HalFilmMaker,1
16430,2327,3024,The iDOLM@STER Cinderella Girls,ComedyDramaMusic,13,2015-2015,TV,AniplexA-1PicturesHalfH.PStudioNipponColumbiaNamcoBandaiGames,Cinderella Boy,Detectives,13,2003,TV,MagicBus,0
23614,438,5047,Isekai no Seikishi Monogatari (Tenchi Muyo! War on Geminar),ActionComedyEcchiFantasyHaremMechaSchool,13,2009-2010,OVA,AICBeSTACKFUNimationEntertainment,Kizumonogatari Part 3: Reiketsu-hen,BasedonaLightNovelSupernatural,Movie ,,Movie,Shaft,0
37338,1383,7427,Durarara!!x2 Shou,ActionMysterySupernatural,12,2015-2015,TV,AniplexSquareEnixMainichiBroadcastingMovicAniplexofAmericaASCIIMediaWorksStudioShuka,Durarara!!x2 Ten,ActionBasedonaLightNovelComedyDrugUseSocialMediaSupernaturalViolence,12,2015,TV,Shuka,1
50750,2995,1740,Mission-E,ActionComedySchoolSci-Fi,12,2008-2008,TV,StudioDeen,Mission-E,ActionOriginalWorkSciFiSuperpowers,12,2008,TV,StudioDeen,1
16263,197,2992,Mobile Suit Gundam F91,DramaMechaMilitarySci-FiShounenSpace,1,1991-1991,Movie,SunriseShochikuBandaiEntertainmentAtelierMusa,Mobile Suit Gundam 0083: Stardust Memory - The Mayfly of Space,MechaSciFi,1,1992,Other,Sunrise,0
35829,160,7219,Space Adventure Cobra (Space Adventure Cobra: The Movie),ActionAdventureSci-FiSpace,1,1982-1982,Movie,TMSEntertainmentDiscotek,One Piece: The Desert Princess and the Pirates - Adventures in Alabasta Prologue,Pirates,1,2007,OVA,ToeiAnimation,0
41272,443,4279,Junjou Romantica OVA,ComedyDramaRomanceShounenAi,2,2012-2015,OVA,StudioDeen,Junjou Romantica OVA,AgeGapComedyLGBTThemesSexualContentShounen-ai,1,2012,OVA,StudioDeen,1
38061,368,3987,3-gatsu no Lion meets Bump of Chicken,DramaMusicSeinen,1,2014-2014,Music,Nonefoundaddsome,3-gatsu no Lion meets Bump of Chicken,,1,2014,Music Video,,1
40008,422,1434,Fastening Days,KidsMagic,1,2014-2014,ONA,StudioColorido,Fastening Days,ActionDramaPromotionalSciFiShorts,1,2014,Web,StudioColorido,1
52317,2685,393,Ginyuu Mokushiroku Meine Liebe Wieder,DramaHistorical,13,2006-2006,TV,BeeTrainGeneonUniversalEntertainmentMarvelousEntertainment,Ginyuu Mokushiroku Meine Liebe Wieder,EuropePolitical,13,2006,TV,BEETRAIN,1
39470,412,399,Busou Shinki Moon Angel,ActionSci-Fi,10,2011-2012,ONA,TNKKinemaCitrus,Busou Shinki Moon Angel,AndroidsRobotsSciFi,10,2011 - 2012,Web,KinemaCitrus,1
26513,1892,5629,Cinderella Monogatari (The Story of Cinderella),AdventureFantasyKidsRomance,26,1996-1996,TV,TatsunokoProductions,Xiongmao Monogatari Tao Tao,,1,1981,Movie,1981,0
8468,3107,1504,Huckleberry Finn Monogatari,Adventure,26,1994-1995,TV,Nonefoundaddsome,Genji Monogatari Sennenki,BasedonaNovelDramaFeudalJapanJoseinoitaminARomanceSexualContent,11,2009,TV,TezukaProductions,0
384,1147,78,Freezing Specials,ActionComedyEcchi,6,2011-2011,Special,FUNimationEntertainmentMediaFactory,Gekkan Shoujo Nozaki-kun Specials,BasedonaMangaComedySchoolLife,6,2014 - 2015,DVD Special,Dogakobo,0
31781,1164,6642,Morita-san wa Mukuchi. Specials,ComedySchoolSliceofLife,2,2012-2012,Special,DAXProductionTakeshoboSeven,Bakuman. (2012) Specials,,2,2013,DVD Special,J.C.Staff,0
8945,2904,1606,Shirayuki Hime no Densetsu (The Legend of Snow White),AdventureFantasyRomance,52,1994-1995,TV,TatsunokoProductions,"Kimba, the White Lion",AnimalProtagonistsFamilyFriendly,52,1965 - 1966,TV,MushiPro,0
43225,3078,3971,Akuma-kun,AdventureFantasyHorrorMagicSupernatural,42,1989-1990,TV,ToeiAnimation,Akuma-kun,BasedonaManga,42,1989 - 1990,TV,ToeiAnimation,1
11643,3060,2087,Ragnarok (Ragnarok the Animation),ActionFantasyMagic,26,2004-2004,TV,FrontierWorksFUNimationEntertainmentG&amp;GEntertainment,Shinshaku Sengoku Eiyuu Densetsu Sanada Juu Yuushi The Animation,FeudalJapanHistoricalNinjaWar,1,2005,TV Special,MagicBus,0
2919,1239,508,Robot Girls Z Specials,ComedyParody,3,2014-2014,Special,ToeiAnimationNipponColumbiaLandQstudios,Linebarrels of Iron Specials,,2,2010,DVD Special,GONZO,0
20534,1172,3989,No Game No Life Specials,EcchiFantasyGame,6,2014-2014,Special,MadhouseMediaFactorySentaiFilmworks,Smash Hit Specials,,4,,DVD Special,StudioLive,0
30780,2350,6444,Hayate no Gotoku! Cuties (Hayate the Combat Butler! Cuties),ComedyHaremParodyRomanceShounen,12,2013-2013,TV,TVTokyoManglobeSentaiFilmworks,Hayate no Gotoku!! OVA,ComedySliceofLifeTsundere,1,2009,OVA,J.C.Staff,0
29805,480,6292,Ranma _ Special,AdventureComedyRomanceShounen,2,1994-1995,OVA,GainaxStudioDeenVizMediaPonyCanyonFujiTV,Kateikyoushi Hitman Reborn! Special,Shounen,1,2010,Web,Artland,0
4060,1208,705,Gundam Build Fighters Specials,ComedyMecha,3,2014-2014,Special,Sunrise,Burst Angel: Infinity Specials,,3,2007,DVD Special,GONZO,0
419,1958,81,Break Blade (TV) (Broken Blade),ActionFantasyMechaMilitaryShounen,12,2014-2014,TV,ProductionI.GBandaiVisualXebecLantis,Broken Blade: The Path of Separation,ActionFantasyMagicMechaMilitaryWar,1,2010,Movie,ProductionI.G,0
23107,1119,4832,Machine-Doll wa Kizutsukanai Specials,ActionEcchiFantasySchoolSeinen,6,2013-2014,Special,GencoFUNimationEntertainmentLerche,Seraph of the End Specials,BasedonaMangaComedyOmakeSupernatural,4+,2015 - ?,DVD Special,WitStudio,0
34083,133,6975,Black Jack the Movie,Drama,1,1996-1996,Movie,TezukaProductions,Cardcaptor Sakura: The Movie,FamilyFriendlyMagicalGirlShoujo,1,1999,Movie,MADHOUSE,0
42634,3071,2590,Sonic X,AdventureComedyKidsMechaSci-FiShounen,78,2003-2004,TV,TMSEntertainment4KidsEntertainmentDiscotek,Sonic X,ActionAdventureAnimalProtagonistsFamilyFriendlySciFi,78,2003 - 2004,TV,TMSEntertainment,1
54296,2776,459,Gun Frontier,ActionAdventureDramaHistoricalSci-FiShounen,13,2002-2002,TV,VegaEntertainmentMediaBlasters,Gun Frontier,BasedonaMangaWestern,13,2002,TV,VegaEntertainment,1
133,2542,42,Ai Shoujo Pollyanna Monogatari,DramaHistoricalSliceofLife,51,1986-1986,TV,NipponAnimation,Monogatari Series: Second Season,BasedonaLightNovel,26,2013,TV,Shaft,0
3641,1720,661,Tatakae! Chou Robot Seimeitai Transformers,AdventureMechaSci-FiShounen,98,1985-1987,TV,ToeiAnimationHasbroAKOM,Beast Wars II Chou Seimeitai Transformers,RobotsSciFi,43,1998 - 1999,TV,AshiProductions,0
12049,1229,2124,Gag Manga Biyori Jump Festa 2002 Special,Comedy,1,2002-2002,Special,DAXProduction,Umi Monogatari ~Anata ga Ite Kureta Koto~ Special,Fantasy,1,2010,DVD Special,Zexcs,0
52980,2714,8759,Dance with Devils,DemonsRomanceShoujoSupernatural,12,2015 -2015 ,TV,FUNimationEntertainmentBrainsBaseDIVEIIEntertainment,Dance with Devils,DemonsOriginalWorkReverseHaremRomanceSupernatural,1+,2015 - ?,TV,Brains-Base,1
51753,2415,9622,Ro-Kyu-Bu! (Ro-Kyu-Bu ~ Fast Break!),ComedyEcchiSchoolSports,12,2011-2011,TV,BarnumStudioMagicCapsuleSentaiFilmworksProjectNo.9StudioBlancASCIIMediaWorks,Ro-Kyu-Bu ~ Fast Break!,BasedonaLightNovelBasketballSchoolLife,12,2011,TV,BarnumStudio,1
42433,466,8317,Black Jack,Drama,12,1993-2011,OVA,AnimaxTezukaProductionsCentralParkMedia,Black Jack,DramaEpisodic,61,2004 - 2006,TV,TezukaProductions,1
3926,988,704,Jinrui wa Suitai Shimashita Specials,FantasySeinen,6,2012-2013,Special,AICA.S.T.A.SentaiFilmworks,Bakuretsu Tenshi: Infinity Specials,,3,2007,DVD Special,GONZO,0
23301,3009,4862,Kojika Monogatari (Story of a Fawn),Drama,52,1983-1985,TV,Visual80,Shokichi Monogatari,AnimalProtagonists,1,2009,Music Video,,0
32781,995,6782,Shakugan no Shana Movie Special,AdventureComedyFantasyParody,1,2007-2007,Special,J.C.Staff,Shakugan no Shana Movie,ActionFantasyMagicTsundere,1,2007,Movie,J.C.Staff,1
25221,1208,5297,Gundam Build Fighters Specials,ComedyMecha,3,2014-2014,Special,Sunrise,Princess Princess Specials,ComedyCrossdressingOmakeSchoolLife,12,2006,DVD Special,StudioDeen,0
24671,98,5188,Ashita no Joe 2 (Movie),DramaSports,1,1981-1981,Movie,TokyoMovieShinsha,GeGeGe no Kitarou Movie (1985),JapaneseMythologySupernatural,1,1985,Movie,ToeiAnimation,0
16157,915,2974,Hidamari Sketch x 365 Specials,ComedySchoolSliceofLife,3,2009-2009,Special,ShaftLantis,Queen's Blade OVA Specials,EcchiExplicitSex,2,2011 - 2012,DVD Special,,0
28870,974,6134,Elfen Lied Special (Elfen Lied: In the Passing Rain),DramaEcchiSupernatural,1,2005-2005,Special,VAPADVFilms,Kidou Senshi Gundam 00 Special Edition I: Celestial Being,,1,2009,OVA,,0
40069,423,1050,My Life,DramaSliceofLife,1,2012-2012,ONA,Nonefoundaddsome,My Life,Shorts,1,2012,Web,,1
44269,3085,2301,Perman,AdventureComedy,54,1967-1968,TV,TokyoMovieShinshaStudioZero,Perman,Superpowers,54,1967 - 1968,TV,StudioZero,1
54198,2761,680,Lemon Angel Project,DramaMusic,13,2006-2006,TV,Radix,Lemon Angel Project,IdolsMusic,13,2006,TV,Radix,1
38440,382,7515,Aru Tabibito no Nikki,AdventureFantasy,6,2003-2003,ONA,Robot,Aru Tabibito no Nikki,AbstractAdventureFantasyOriginalWork,6,2003,Web,Robot,1
17213,48,3256,Saint_Oniisan (Movie) (Saint_Young Men (Movie)),ComedySeinenSliceofLife,1,2013-2013,Movie,AniplexA-1PicturesKodanshaTohoCompany,Saint Young Men Movie,FantasyReligionSliceofLife,1,2013,Movie,A-1Pictures,1
7161,2610,1249,Kinnikuman II Sei (Ultimate Muscle),ActionComedyMartialArtsSci-FiShounenSports,51,2002-2002,TV,TVTokyoToeiAnimation4KidsEntertainmentYomiuriAdvertising,Kinnikuman Nisei: Ultimate Muscle,,13,2004,TV,ToeiAnimation,0
54522,2782,2379,Teekyuu,ComedySchoolShounenSports,12,2012-2012,TV,MAPPAEarthStarEntertainment,Teekyuu,BasedonaMangaComedy,12,2012,TV,Mappa,1
10871,257,1943,Chocchan Monogatari,DramaHistoricalSliceofLife,1,1996-1996,Movie,TriangleStaff,Pattenrai!! ~Minami no Shima no Mizu Monogatari~,HistoricalSliceofLife,1,2009,Movie,MushiPro,0
12241,1069,2165,DearS Special,ComedyEcchiHaremRomanceSci-Fi,1,2005-2005,Special,HalFilmMakerDiscotek,Nodame Cantabile: Finale Special,ClassicalMusicComedyEuropeMusicRomance,1,2010,DVD Special,J.C.Staff,0
38783,387,7179,Cat Shit One,ActionFantasyMilitary,1,2010-2010,ONA,StudioAnimaInternationalDigitalArtist,Cat Shit One,ActionAnimalProtagonistsBasedonaMangaMatureThemesMilitaryViolenceWar,1,2010,Web,anima,1
13023,1094,2302,Ichiban Ushiro no Daimaou Specials,ComedyEcchiFantasyMagicShounen,6,2010-2010,Special,ArtlandMarvelousEntertainmentHobbyJapan,Souten no Ken Specials,,4,2007,DVD Special,,0
15203,929,2788,Cardcaptor Sakura Specials,Comedy,3,1998-1999,Special,NHKEnterprises,The iDOLM@STER: Xenoglossia Specials,Idols,8,2007 - 2008,DVD Special,Sunrise,0
11544,225,2085,Aru Machi Kado no Monogatari (Tales of the Street Corner),DramaMusicRomance,1,1962-1962,Movie,MushiProductions,Genji Monogatari,BasedonaNovelDramaFeudalJapanJoseiRomance,1,1987,Movie,GroupTAC,0
35918,1954,7232,Speed Grapher,ActionMysterySuperPower,24,2005-2005,TV,GonzoTVAsahiFUNimationEntertainmentWaoWorldTAP,Speed Grapher,ActionOriginalWorkPsychologicalSexualAbuseSupernaturalViolence,24,2005,TV,GONZO,1
1726,1599,329,Eikoku Koi Monogatari Emma (Emma: A Victorian Romance),DramaHistoricalRomanceSeinenSliceofLife,12,2005-2005,TV,StudioPierrotPonyCanyonTBSRightStufToshibaEntertainment,Wellber no Monogatari: Sisters of Wellber,AdventureFantasyMedievalOriginalWorkPolitical,13,2007,TV,TransArtsCo.,0
18944,1020,3613,Tegami Bachi Reverse Specials (Letter Bee Reverse Specials),Comedy,25,2010-2011,Special,StudioPierrot,Blade and Soul Specials,Comedy,6,2014,DVD Special,GONZO,0
27241,2366,5819,Kaiketsu Zorori,AdventureComedy,52,2004-2005,TV,Ajia-Do,Eiga Kaiketsu Zorori: Mamoru ze! Kyouryuu no Tamago,FamilyFriendly,1,2013,Movie,Sunrise,0
20291,1570,3962,Densetsu no Yuusha no Densetsu (The Legend of the Legendary Heroes),ActionAdventureFantasyMagicShounen,24,2010-2010,TV,FUNimationEntertainmentLantisMediaFactoryZexcsKadokawaContentsGate,Shinshaku Sengoku Eiyuu Densetsu Sanada Juu Yuushi The Animation TV,FeudalJapanHistoricalNinjaWar,12,2005,TV,GroupTAC,0
16011,1208,2939,Gundam Build Fighters Specials,ComedyMecha,3,2014-2014,Special,Sunrise,Queen's Blade: Rebellion Specials,Ecchi,6,2012,DVD Special,ARMS,0
3589,2941,633,Shining Tears X Wind,ActionAdventureFantasyMagic,13,2007-2007,TV,StudioDeenSegaDiscotek,Shining Tears X Wind,AdventureFantasyMagicPersoninaStrangeWorld,13,2007,TV,StudioDeen,1
46601,3138,1733,Juuou Mujin no Fafnir,FantasyHaremRomanceSchool,12,2015-2015,TV,DiomedeaTBSNipponColumbia,Juuou Mujin no Fafnir,ActionBasedonaLightNovelFantasySchoolLife,12,2015,TV,Diomedea,1
22676,1053,4688,Renkin San-kyuu Magical? Pokaan Specials,ComedyEcchiMagicParodyVampire,3,2006-2006,Special,RemicGencoLantisMediaFactory,Ikeike! Momon-chan Specials,,3,2012 - 2013,TV Special,,0
46507,3136,1751,Himawari!,AdventureComedyMartialArts,13,2006-2006,TV,ArmsTouhoukuShinshaGencoStarchildRecordsMaidenJapanTohokushinshaFilmCorporation,Himawari!,ActionComedyMartialArtsNinjaOriginalWork,13,2006,TV,ARMS,1
17399,1021,3281,Pokemon Diamond &amp; Pearl Specials,ActionComedyFantasyKids,2,2011-2011,Special,OrientalLightandMagic,SoulTaker Specials,Omake,3,,DVD Special,,0
34085,217,6975,eX-Driver the Movie,ActionAdventureCarsComedySci-FiShounen,1,2002-2002,Movie,BandaiVisualActasGenco,Cardcaptor Sakura: The Movie,FamilyFriendlyMagicalGirlShoujo,1,1999,Movie,MADHOUSE,0
29137,563,6166,Tenchi Muyou! Ryo-Ohki 3,ActionComedyHaremSci-FiShounenSpace,6,2003-2005,OVA,VAPFUNimationEntertainment,Tenchi Muyo! Ryo Ohki: Final Confrontations,,1,2005,OVA,,1
49826,2973,1548,Prism Ark,ActionComedyDramaFantasyMagic,12,2007-2007,TV,FrontLine,Prism Ark,ActionAdventureBasedonanErogeBasedonaVisualNovelComedyEcchiFantasyMagicSwordplay,12,2007,TV,,1
660,2537,108,Senkou no Night Raid (Night Raid 1931),ActionHistoricalMilitarySuperPower,13,2010-2010,TV,TVTokyoAniplexA-1PicturesSentaiFilmworks,Night Raid 1931: Demon of the Opium Den,,1,2010,DVD Special,A-1Pictures,1
39948,420,3023,Monster Strike,ActionFantasyGame,Unknown,2015 -2015 ,ONA,StudioHibariUltraSuperPictures,Monster Strike,BasedonaVideoGameFantasyMonsters,2+,2015 - ?,Web,StudioHibari,1
4173,2319,723,Geragera Boes Monogatari (Ox Tales),ComedyKids,52,1987-1988,TV,TVTokyoTelescreenBV,"Maoyuu Maou Yuusha: Kono Monogatari wa, Daniku Dake Dewanai no ja!",BasedonaLightNovelDemonsFantasyMedievalRecapRomance,1,2013,TV Special,ARMS,0
40100,425,820,Catman Series II,ComedyFantasySliceofLife,8,2002-2002,ONA,FujiTV,Catman Series II,AbstractAnimalProtagonistsFlashAnimationMusicSliceofLife,8,2002,Web,FCC,1
19816,1021,3819,Pokemon Diamond &amp; Pearl Specials,ActionComedyFantasyKids,2,2011-2011,Special,OrientalLightandMagic,Sweet Valerian Specials,,8,2005,DVD Special,,0
51808,2672,3552,Keroro,ComedySci-FiShounen,23,2014-2014,TV,Sunrise,Keroro,AliensComedy,23,2014,TV,Sunrise,1
18149,1165,3390,Ryuugajou Nanana no Maizoukin (TV) Specials,Comedy,6,2014-2014,Special,A-1Pictures,Robot Girls Z Specials,ActionComedyParody,3,2014,DVD Special,ToeiAnimation,0
54144,2757,122,Iketeru Futari,ComedyEcchiRomanceSchoolSeinen,16,1999-1999,TV,J.C.StaffTBS,Iketeru Futari,BasedonaMangaComedyEcchi,16,1999,TV,J.C.Staff,1
53007,2715,408,Gad Guard,AdventureMechaSci-FiShounen,26,2003-2003,TV,GonzoHalFilmMakerFUNimationEntertainmentMediaFactoryImagicaAmberFilmWorks,Gad Guard,ActionFuturisticMechaSciFiSeinenSuperpowers,26,2003,TV,GONZO,1
13594,1190,2385,I&#039;&#039;s Pure Bonus,ComedyEcchiRomance,5,2005-2006,Special,StudioPierrotVizMedia,I''s Pure Bonus,,5,2005 - 2006,DVD Special,ARMS,1
46627,3011,954,Strange Dawn,AdventureDramaFantasy,13,2000-2000,TV,HalFilmMaker,Strange Dawn,FantasyPersoninaStrangeWorld,13,2000,TV,HalFilmMaker,1
27591,1110,5915,Grisaia no Kajitsu Specials,ComedyEcchi,6,2014-2015,Special,8bit,Hidamari Sketch x 365 Specials,ComedyMoeSchoolLife,2,2009,TV Special,Shaft,0
34355,1170,7002,Sky Girls Specials,ComedyMechaMilitarySci-Fi,9,2007-2008,Special,J.C.Staff,Shinryaku! Ika Musume Specials,ComedyOmake,2,2011,DVD Special,Diomedea,0
5713,1350,924,Kaichou wa Maid-sama! (Maid-Sama!),ComedyRomanceSchoolShoujo,26,2010-2010,TV,J.C.StaffGeneonUniversalEntertainmentTBSHakusenshaHalfH.PStudioSentaiFilmworks,Okusama ga Seito Kaichou!,BasedonaMangaComedyEcchiNudityRomanceSchoolLifeSexualContentSuddenGirlfriendAppearance,12,2015,TV,Seven,0
22162,951,4519,Shigofumi Special (Shigofumi: Letters from the Departed Special),DramaFantasyPsychologicalThriller,1,2008-2008,Special,J.C.StaffBandaiVisualGencoSentaiFilmworks,Bathtime with Hinako & Hiyoko Special,,1,2010,DVD Special,StudioHibari,0
52602,2694,239,Cooking Papa,ComedySliceofLife,151,1992-1995,TV,Eiken,Cooking Papa,FoodandBeverageSliceofLife,151,1992 - 1995,TV,Eiken,1
32521,1991,6744,Uragiri wa Boku no Namae wo Shitteiru (Betrayal Knows My Name),AdventureDramaFantasyShoujoShounenAi,24,2010-2010,TV,J.C.Staff,Sakurako-san no Ashimoto ni wa Shitai ga Umatteiru,BasedonaLightNovelMystery,1+,2015 - ?,TV,TROYCA,0
16699,989,3131,Black Cat Special,ActionComedyShounen,1,2006-2006,Special,GonzoGDHFUNimationEntertainment,Blue Exorcist Movie Special,Comedy,1,2012,Other,,0
47336,3023,1363,Wakako-zake,SeinenSliceofLife,12,2015-2015,TV,OfficeDCI,Wakako-zake,BasedonaMangaFoodandBeverageSliceofLife,12,2015,TV,OfficeDCI,1
6851,1302,1149,Shirobako,ComedyDrama,24,2014-2015,TV,SotsuAgencyP.A.WorksMovicSentaiFilmworksWarnerBros.TheKlockWorxShowgate,Shirobako,AnimeIndustryComedyDramaOriginalWorkOtakuCultureSliceofLifeWorkLife,24,2014 - 2015,TV,P.A.Works,1
47085,3019,955,Sister Princess,ComedyDramaHaremRomanceSliceofLife,26,2001-2001,TV,StarchildRecordsADVFilmsZexcsTVTokyoMusicGANSIS,Sister Princess,ComedyDramaHaremSliceofLife,26,2001,TV,Zexcs,1
38895,391,8361,Halo Legends,ActionDramaMilitarySci-Fi,9,2009-2010,ONA,BonesBeeTrainProductionI.GStudio4°CToeiAnimationCasioEntertainmentWarnerBros.,Halo Legends,ActionBasedonaVideoGameCollectionsMilitarySciFi,8,2009 - 2010,OVA,ProductionI.G,1
34179,487,6989,Mobile Suit Gundam 00 Special Edition,ActionDramaMechaMilitarySci-Fi,3,2009-2010,OVA,SunriseSotsuAgencyAsatsuDKMainichiBroadcasting,Mobile Suit Gundam SEED Destiny Final Plus: The Chosen Future,,1,2005,TV Special,Sunrise,0
28166,982,6028,Saiunkoku Monogatari Soushuuhen,AdventureComedyDramaFantasyHistoricalRomance,9,2007-2007,Special,Madhouse,Higashi no Eden: Soushuu-hen Air Communication,noitaminA,1,2009,Movie,ProductionI.G,0
22629,1142,4672,Kyoushirou to Towa no Sora Specials,DramaMagicRomanceShounen,6,2007-2007,Special,TNK,Peeping Life: The Perfect Emotion Specials,,6,2010,DVD Special,CoMixWaveInc.,0
36145,916,7265,Inu x Boku SS Special (Inu X Boku Secret Service Special),ComedyShounenSupernatural,1,2012-2012,Special,AniplexDavidProductionSentaiFilmworks,Lupin III Special 7: The Pursuit of Harimao's Treasure,ActionThieves,1,1995,TV Special,TMSEntertainment,0
5562,2330,886,Cobra The Animation,ActionAdventureSci-FiSpace,13,2010-2010,TV,MagicBus,Kyoto Animation: Ikitaku Naru Omise-hen,Promotional,1,2012,Other,KyotoAnimation,0
28070,13,6008,Love Live! The School Idol Movie,MusicSchoolSliceofLife,1,2015-2015,Movie,SunriseLantis,Gakuen Mokushiroku: High School of the Dead,ActionBasedonaMangaEcchiExplicitViolenceHorrorPandemicPantyShotsPhysicalAbuseSurvivalZombies,12,2010,TV,MADHOUSE,0
13235,1116,2333,Crayon Shin-chan Manatsu no Yoru ni Ora Sanjou! Arashi wo Yobu Den-O vs. Shin-O 60-bu Special!!,ActionComedyKidsShounenSuperPower,1,2007-2007,Special,TVAsahi,Arashi no Yoru ni: Himitsu no Tomodachi,AnimalProtagonistsBasedonaNovelFamilyFriendly,26,2012,TV,SparkyAnimation,0
48618,3043,1309,Venus Versus Virus,DramaRomanceSupernatural,12,2007-2007,TV,ADVFilmsStudioHibariFUNimationEntertainmentTBSVenusVangardHalfH.PStudioBS-i,Venus Versus Virus,ActionBasedonaMangaDramaGunfightsSchoolLifeSupernatural,12,2007,TV,StudioHibari,1
27098,2967,5750,Chiisana Kyojin Microman,ActionAdventureComedyKidsMechaSci-FiShounenSuperPower,52,1999-1999,TV,StudioPierrotTVTokyoYomikoAdvertising,Chiisana Kyojin Microman: Daigekisen! Microman vs Saikyou Senshi Gorgon,,1,1999,Movie,StudioPierrot,1
4627,2904,777,Shirayuki Hime no Densetsu (The Legend of Snow White),AdventureFantasyRomance,52,1994-1995,TV,TatsunokoProductions,Dragon Quest: ~Legend of the Hero Abel~,,43,1989 - 1991,TV,,0
14260,407,2561,Working&#039;!! Announcement Specials,Comedy,2,2011-2011,ONA,A-1Pictures,Wedding Peach Specials,,2,1995,DVD Special,,0
36875,355,735,Nihonbashi Koukashita R Keikaku,Music,1,2012-2012,Music,AsahiProductionRisingForce,Nihonbashi Koukashita R Keikaku,Vocaloid,1,2012,Music Video,,1
5010,1226,824,Comic Party Specials,ComedyDrama,4,2003-2003,Special,OrientalLightandMagicKSS,Fight Ippatsu! Juuden-Chan!! Specials,ComedySexualContent,6,2009 - 2010,DVD Special,,0
675,2537,109,Senkou no Night Raid (Night Raid 1931),ActionHistoricalMilitarySuperPower,13,2010-2010,TV,TVTokyoAniplexA-1PicturesSentaiFilmworks,Senkou no Night Raid: Demon of the Opium Den,,1,2010,DVD Special,A-1Pictures,1
8749,1082,1553,Toaru Kagaku no Railgun Specials,Comedy,2,2010-2010,Special,J.C.Staff,Isshuukan Friends. Specials,,12,2014,DVD Special,Brains-Base,0
